{
    "(0, 0, 0, 0)": {
        "ACCELERATE": 19.416446483321632,
        "DECELERATE": 19.425906625039882,
        "STEER_LEFT": 20.075484172584652,
        "STEER_RIGHT": 19.645099143998458,
        "NOTHING": 18.660363527151272
    },
    "(0, 0, 1, 0)": {
        "ACCELERATE": 17.421179160488137,
        "DECELERATE": 19.744000045061338,
        "STEER_LEFT": 19.693224414778644,
        "STEER_RIGHT": 16.87616772365513,
        "NOTHING": 19.70590371156129
    },
    "(1, 0, 1, 0)": {
        "ACCELERATE": -3.2749211663614375,
        "DECELERATE": -2.6740040051510534,
        "STEER_LEFT": 6.47111334961312,
        "STEER_RIGHT": -9.719322306861722,
        "NOTHING": -3.3580539166338577
    },
    "(1, 0, 2, 0)": {
        "ACCELERATE": -0.7287856489595126,
        "DECELERATE": 7.682465874117515,
        "STEER_LEFT": -2.5337880005215445,
        "STEER_RIGHT": 0.5126364535161021,
        "NOTHING": -3.8190339634929416
    },
    "(1, 0, 1, 1)": {
        "ACCELERATE": -49.79661437507873,
        "DECELERATE": -41.55607142385488,
        "STEER_LEFT": -42.55531326844297,
        "STEER_RIGHT": -50.522532255600325,
        "NOTHING": -39.244638890874434
    },
    "(1, 0, 2, 1)": {
        "ACCELERATE": -48.18950714218267,
        "DECELERATE": -51.41770461955367,
        "STEER_LEFT": -45.08346530673373,
        "STEER_RIGHT": -48.65758140669026,
        "NOTHING": -46.57680005264675
    },
    "(0, 0, 0, 1)": {
        "ACCELERATE": 14.39384998965483,
        "DECELERATE": 19.462616757216047,
        "STEER_LEFT": 17.012784376345333,
        "STEER_RIGHT": 18.16804226280092,
        "NOTHING": 18.049848664481136
    },
    "(0, 1, 0, 1)": {
        "ACCELERATE": 0.5509615372487691,
        "DECELERATE": 7.670174186104187,
        "STEER_LEFT": 5.4370683767417605,
        "STEER_RIGHT": -2.4685513364602976,
        "NOTHING": 13.578115609486321
    },
    "(0, 1, 0, 0)": {
        "ACCELERATE": 14.944899912952424,
        "DECELERATE": 12.675867220987769,
        "STEER_LEFT": 13.536253161135178,
        "STEER_RIGHT": 18.400812411463377,
        "NOTHING": 17.451478097784705
    },
    "(1, 1, 2, 1)": {
        "ACCELERATE": -9.37111107828417,
        "DECELERATE": -8.996209630380454,
        "STEER_LEFT": -5.481063180225003,
        "STEER_RIGHT": -13.256872935549154,
        "NOTHING": -9.208041704459376
    },
    "(1, 1, 0, 1)": {
        "ACCELERATE": -43.996453919146305,
        "DECELERATE": -43.168971975472026,
        "STEER_LEFT": -42.03998275631111,
        "STEER_RIGHT": -43.479326879458,
        "NOTHING": -41.76835040760355
    },
    "(1, 2, 0, 1)": {
        "ACCELERATE": -75.15082529167714,
        "DECELERATE": -72.211602155469,
        "STEER_LEFT": -75.35894709246786,
        "STEER_RIGHT": -69.29009106827003,
        "NOTHING": -71.25754802579013
    },
    "(1, 0, 0, 0)": {
        "ACCELERATE": -3.571982555001762,
        "DECELERATE": 7.109423352120924,
        "STEER_LEFT": -7.753587723653645,
        "STEER_RIGHT": -4.685272694868006,
        "NOTHING": -0.7729952814780465
    },
    "(1, 1, 0, 0)": {
        "ACCELERATE": 19.442006838282218,
        "DECELERATE": 2.445133676428762,
        "STEER_LEFT": 4.707764000575299,
        "STEER_RIGHT": -6.3014151629608,
        "NOTHING": 3.907319929493355
    },
    "(1, 2, 0, 0)": {
        "ACCELERATE": -7.750886230573104,
        "DECELERATE": -11.445158348512031,
        "STEER_LEFT": -11.931082380926691,
        "STEER_RIGHT": 19.967309556991257,
        "NOTHING": -6.402526516794282
    },
    "(1, 1, 1, 0)": {
        "ACCELERATE": 0.039500900517702275,
        "DECELERATE": -10.378905374723237,
        "STEER_LEFT": -2.8892755380377917,
        "STEER_RIGHT": -3.98204306187281,
        "NOTHING": -3.691058543419853
    },
    "(0, 2, 0, 1)": {
        "ACCELERATE": 11.694615241218877,
        "DECELERATE": -11.15707843449467,
        "STEER_LEFT": -5.646548689480165,
        "STEER_RIGHT": -9.87298377405794,
        "NOTHING": -18.342619996294978
    },
    "(0, 0, 1, 1)": {
        "ACCELERATE": 8.965624501320688,
        "DECELERATE": 9.007663136986881,
        "STEER_LEFT": 10.149844954375741,
        "STEER_RIGHT": 9.227160294918495,
        "NOTHING": 8.751507977673176
    },
    "(0, 2, 0, 0)": {
        "ACCELERATE": 17.34900111535167,
        "DECELERATE": 17.255516283432552,
        "STEER_LEFT": 20.048108265669214,
        "STEER_RIGHT": 13.76230427182395,
        "NOTHING": 17.562229485308166
    },
    "(0, 1, 1, 0)": {
        "ACCELERATE": 28.165157058872694,
        "DECELERATE": 28.20279097258215,
        "STEER_LEFT": 28.725221770200353,
        "STEER_RIGHT": 27.780190247846622,
        "NOTHING": 27.61888279171748
    },
    "(1, 1, 1, 1)": {
        "ACCELERATE": -2.7467720401701987,
        "DECELERATE": -1.401938548810603,
        "STEER_LEFT": -8.78125973976827,
        "STEER_RIGHT": -3.358793203424473,
        "NOTHING": 6.205912615626921
    },
    "(0, 2, 1, 0)": {
        "ACCELERATE": 23.97946562186966,
        "DECELERATE": 19.621765496952488,
        "STEER_LEFT": 20.189847704195262,
        "STEER_RIGHT": 18.85215961640082,
        "NOTHING": 21.806221657976074
    },
    "(1, 2, 1, 0)": {
        "ACCELERATE": 2.7511972557742492,
        "DECELERATE": -0.9214505054832178,
        "STEER_LEFT": 6.749648576909438,
        "STEER_RIGHT": 17.350719023328637,
        "NOTHING": 6.579611818501451
    },
    "(1, 2, 1, 1)": {
        "ACCELERATE": -11.260117050922924,
        "DECELERATE": -20.11383670939464,
        "STEER_LEFT": -17.11112523716874,
        "STEER_RIGHT": -18.050455169337084,
        "NOTHING": -17.137966400658623
    },
    "(1, 1, 2, 0)": {
        "ACCELERATE": -6.9413494834433465,
        "DECELERATE": -13.705948490475112,
        "STEER_LEFT": 13.062106487668204,
        "STEER_RIGHT": -4.139497411535913,
        "NOTHING": -0.19140094512400685
    },
    "(1, 2, 2, 0)": {
        "ACCELERATE": 10.885415898953381,
        "DECELERATE": 21.870617438170576,
        "STEER_LEFT": 8.81682752727306,
        "STEER_RIGHT": 8.001005227074225,
        "NOTHING": 11.085754237875442
    },
    "(0, 0, 2, 0)": {
        "ACCELERATE": 14.494417839882946,
        "DECELERATE": 19.213799246781285,
        "STEER_LEFT": 18.912800029716212,
        "STEER_RIGHT": 16.230421788388732,
        "NOTHING": 18.769070776270983
    },
    "(0, 1, 1, 1)": {
        "ACCELERATE": 10.82335098240283,
        "DECELERATE": 8.572124436452423,
        "STEER_LEFT": 9.997334758303301,
        "STEER_RIGHT": 7.190329544744894,
        "NOTHING": 13.538741777172408
    },
    "(0, 0, 2, 1)": {
        "ACCELERATE": -2.7969591378126797,
        "DECELERATE": -14.260530241028972,
        "STEER_LEFT": -0.17905523467853612,
        "STEER_RIGHT": -3.83377349108882,
        "NOTHING": -5.055575440117888
    },
    "(0, 1, 2, 1)": {
        "ACCELERATE": 4.927158504544341,
        "DECELERATE": 0.6825563975865183,
        "STEER_LEFT": 19.849012709453742,
        "STEER_RIGHT": 7.310214651716087,
        "NOTHING": 8.694112316881561
    },
    "(0, 2, 1, 1)": {
        "ACCELERATE": 4.699805659742832,
        "DECELERATE": 8.544721668603831,
        "STEER_LEFT": -2.7215117500956025,
        "STEER_RIGHT": 3.300488870519027,
        "NOTHING": 0.05037331148213475
    },
    "(1, 0, 0, 1)": {
        "ACCELERATE": -9.365477379312091,
        "DECELERATE": -7.6018483034263635,
        "STEER_LEFT": -8.742071514882031,
        "STEER_RIGHT": -3.283567484692231,
        "NOTHING": -12.555337007030571
    },
    "(0, 1, 2, 0)": {
        "ACCELERATE": 24.091520013515076,
        "DECELERATE": 13.115023397902238,
        "STEER_LEFT": 17.01161845770828,
        "STEER_RIGHT": 22.943727488248427,
        "NOTHING": 17.542159774786942
    },
    "(0, 2, 2, 0)": {
        "ACCELERATE": 21.3236960859806,
        "DECELERATE": 23.673444277635124,
        "STEER_LEFT": 23.13960528444622,
        "STEER_RIGHT": 18.440176107891382,